,시도별,연도,합계출산율,1인당 지역총소득,1인당 개인소득,고용률,미취업여성 (천명),경력단절여성 (천명),사교육비_평균(만원),소비자물가지수
0,전국,2000,1.48,13860,8694,58.508333333333326,,,,63.151
1,서울특별시,2000,1.275,17194,9978,58.25,,,,61.82833333333334
2,부산광역시,2000,1.235,10933,8296,55.36666666666667,,,,62.7095
3,대구광역시,2000,1.378,10684,8274,55.99166666666667,,,,63.66833333333333
4,인천광역시,2000,1.473,10633,7651,58.175000000000004,,,,63.584916666666665
5,광주광역시,2000,1.636,10770,7969,53.39166666666667,,,,63.966499999999996
6,대전광역시,2000,1.501,12425,8230,54.80833333333334,,,,64.72291666666666
7,울산광역시,2000,1.633,25603,10271,57.56666666666667,,,,63.4065
8,세종특별자치시,2000,,-,-,,,,,
9,경기도,2000,1.628,14940,9142,59.775000000000006,,,,62.911750000000005
10,충청북도,2000,1.583,11766,7694,57.925000000000004,,,,64.456
11,충청남도,2000,1.698,13203,8035,61.074999999999996,,,,64.09875
12,전북특별자치도,2000,1.595,10609,7684,56.550000000000004,,,,63.922333333333334
13,전라남도,2000,1.75,13171,7714,61.991666666666674,,,,64.454
14,경상북도,2000,1.578,13527,8116,62.99166666666667,,,,65.73408333333333
15,경상남도,2000,1.586,12784,8217,58.908333333333324,,,,63.845333333333336
16,제주특별자치도,2000,1.783,11154,8259,66.10833333333333,,,,64.35766666666667
17,전국,2001,1.309,14908,9120,59.03333333333333,,,,65.71908333333333
18,서울특별시,2001,1.111,19492,10511,58.75833333333333,,,,64.51225000000001
19,부산광역시,2001,1.103,11932,8584,55.89166666666667,,,,65.29066666666667
20,대구광역시,2001,1.216,11473,8622,56.99166666666667,,,,66.06116666666667
21,인천광역시,2001,1.324,11530,7997,59.13333333333333,,,,66.35583333333334
22,광주광역시,2001,1.421,11685,8540,54.9,,,,66.31175
23,대전광역시,2001,1.33,13329,8658,56.45833333333334,,,,67.198
24,울산광역시,2001,1.423,26782,11012,58.041666666666664,,,,65.91658333333334
25,세종특별자치시,2001,,-,-,,,,,
26,경기도,2001,1.437,14948,9422,60.025,,,,65.5275
27,충청북도,2001,1.426,13063,8192,57.833333333333336,,,,66.77608333333333
28,충청남도,2001,1.532,14139,8349,61.28333333333334,,,,66.38983333333333
29,전북특별자치도,2001,1.426,11439,8189,57.425000000000004,,,,66.39383333333333
30,전라남도,2001,1.566,14088,8142,62.86666666666667,,,,66.65033333333334
31,경상북도,2001,1.402,14067,8611,63.475,,,,68.04033333333332
32,경상남도,2001,1.417,13991,8743,59.525,,,,66.33066666666666
33,제주특별자치도,2001,1.564,12163,8729,66.525,,,,66.28816666666667
34,전국,2002,1.178,16444,9820,60.04999999999999,,,,67.53441666666667
35,서울특별시,2002,1.006,21804,11463,59.5,,,,66.63975
36,부산광역시,2002,0.975,13090,9330,58.16666666666666,,,,66.96283333333334
37,대구광역시,2002,1.076,12483,9246,58.525,,,,67.65275
38,인천광역시,2002,1.185,13481,8700,60.125,,,,68.06716666666667
39,광주광역시,2002,1.264,12501,9011,56.63333333333333,,,,67.75633333333333
40,대전광역시,2002,1.207,14491,9288,58.458333333333336,,,,68.773
41,울산광역시,2002,1.242,29386,11896,60.008333333333326,,,,67.62333333333333
42,세종특별자치시,2002,,-,-,,,,,
43,경기도,2002,1.305,16720,10122,60.75833333333333,,,,67.57708333333333
44,충청북도,2002,1.294,13487,8658,58.925000000000004,,,,67.9525
45,충청남도,2002,1.361,15557,8929,62.125,,,,67.795
46,전북특별자치도,2002,1.275,11951,8517,57.18333333333334,,,,67.72033333333333
47,전라남도,2002,1.391,15473,8716,64.325,,,,67.99300000000001
48,경상북도,2002,1.232,15272,9207,63.866666666666674,,,,69.23958333333333
49,경상남도,2002,1.272,14997,9291,59.958333333333336,,,,67.98566666666666
50,제주특별자치도,2002,1.394,12969,9314,67.85,,,,68.18158333333334
51,전국,2003,1.191,17548,10389,59.400000000000006,,,,69.90816666666667
52,서울특별시,2003,1.014,23579,12285,59.291666666666664,,,,69.17958333333333
53,부산광역시,2003,0.988,13755,9685,55.25833333333333,,,,69.36641666666667
54,대구광역시,2003,1.116,12851,9494,57.73333333333333,,,,69.88641666666668
55,인천광역시,2003,1.213,14614,9280,59.208333333333336,,,,70.24983333333334
56,광주광역시,2003,1.278,13047,9610,54.83333333333332,,,,69.98450000000001
57,대전광역시,2003,1.221,15826,10072,57.19166666666666,,,,70.94108333333334
58,울산광역시,2003,1.28,29152,12603,59.258333333333326,,,,69.92666666666666
59,세종특별자치시,2003,,-,-,,,,,
60,경기도,2003,1.321,17493,10608,59.83333333333334,,,,69.86825
61,충청북도,2003,1.27,14361,9030,57.399999999999984,,,,70.35275
62,충청남도,2003,1.358,17564,9454,61.658333333333324,,,,70.27883333333334
63,전북특별자치도,2003,1.274,12760,9242,57.449999999999996,,,,70.03733333333334
64,전라남도,2003,1.389,16577,9219,64.24166666666667,,,,70.13058333333333
65,경상북도,2003,1.253,17019,9593,63.56666666666666,,,,71.01483333333333
66,경상남도,2003,1.29,15989,9912,61.49166666666667,,,,70.44891666666666
67,제주특별자치도,2003,1.438,13580,9679,69.47500000000001,,,,70.40191666666666
68,전국,2004,1.164,18995,11063,60.050000000000004,,,,72.41833333333334
69,서울특별시,2004,1.015,25090,13044,60.28333333333334,,,,71.87366666666667
70,부산광역시,2004,0.953,14293,10164,55.65000000000001,,,,71.46191666666667
71,대구광역시,2004,1.087,13926,10052,58.71666666666666,,,,71.94491666666666
72,인천광역시,2004,1.158,15795,9937,59.241666666666674,,,,72.69183333333334
73,광주광역시,2004,1.203,13592,10103,55.44166666666667,,,,72.94816666666667
74,대전광역시,2004,1.181,16696,10563,56.98333333333333,,,,73.64808333333333
75,울산광역시,2004,1.241,32370,13422,59.74999999999999,,,,72.5955
76,세종특별자치시,2004,,-,-,,,,,
77,경기도,2004,1.28,19172,11299,60.66666666666666,,,,72.28
78,충청북도,2004,1.272,16103,9758,58.43333333333333,,,,72.68416666666666
79,충청남도,2004,1.357,19695,10075,63.15833333333334,,,,73.01875
80,전북특별자치도,2004,1.239,13523,9844,57.36666666666667,,,,72.74341666666668
81,전라남도,2004,1.36,18415,10036,64.14166666666667,,,,72.59566666666667
82,경상북도,2004,1.203,19585,10315,63.93333333333334,,,,73.41391666666667
83,경상남도,2004,1.266,17087,10636,62.08333333333334,,,,72.69924999999999
84,제주특별자치도,2004,1.365,14859,10082,68.6,,,,73.223
85,전국,2005,1.085,19762,11551,59.89166666666667,,,,74.41258333333333
86,서울특별시,2005,0.932,26279,13525,60.525000000000006,,,,73.75491666666666
87,부산광역시,2005,0.887,15263,10695,55.849999999999994,,,,73.44133333333333
88,대구광역시,2005,1.001,14362,10693,58.31666666666666,,,,73.79641666666667
89,인천광역시,2005,1.075,16779,10344,58.88333333333333,,,,74.54116666666667
90,광주광역시,2005,1.105,14815,10865,56.050000000000004,,,,75.16583333333334
91,대전광역시,2005,1.107,16138,11133,55.76666666666666,,,,75.80041666666666
92,울산광역시,2005,1.186,32789,14129,58.958333333333336,,,,74.82325
93,세종특별자치시,2005,,-,-,,,,,
94,경기도,2005,1.183,19343,11622,60.458333333333336,,,,74.28358333333334
95,충청북도,2005,1.195,16231,10403,58.291666666666664,,,,74.96216666666668
96,충청남도,2005,1.267,20372,10417,62.67499999999999,,,,75.36283333333334
97,전북특별자치도,2005,1.184,14401,10448,57.46666666666667,,,,74.74633333333334
98,전라남도,2005,1.29,19110,10644,64.2,,,,74.51325
99,경상북도,2005,1.173,21513,10946,63.574999999999996,,,,75.59316666666666
100,경상남도,2005,1.189,18193,11101,61.00833333333333,,,,74.616
101,제주특별자치도,2005,1.31,14762,10552,68.85,,,,75.05766666666666
102,전국,2006,1.132,20817,12058,60.01666666666667,,,,76.08116666666666
103,서울특별시,2006,0.98,27315,14008,60.54166666666668,,,,75.27925
104,부산광역시,2006,0.915,16272,11323,56.06666666666667,,,,75.06333333333333
105,대구광역시,2006,1.011,15228,11193,57.84166666666667,,,,75.48108333333333
106,인천광역시,2006,1.116,18100,10769,59.46666666666666,,,,76.32375
107,광주광역시,2006,1.152,15846,11389,55.675000000000004,,,,76.85066666666667
108,대전광역시,2006,1.158,17010,11755,56.166666666666664,,,,77.73291666666667
109,울산광역시,2006,1.242,34625,14426,58.125,,,,76.87508333333334
110,세종특별자치시,2006,,-,-,,,,,
111,경기도,2006,1.239,20593,12196,60.724999999999994,,,,76.09733333333334
112,충청북도,2006,1.233,17396,10840,58.241666666666674,,,,76.66116666666666
113,충청남도,2006,1.356,21450,10994,63.92499999999999,,,,77.29108333333333
114,전북특별자치도,2006,1.213,15344,10922,57.833333333333336,,,,76.37808333333334
115,전라남도,2006,1.337,20080,11110,63.90833333333333,,,,76.06558333333334
116,경상북도,2006,1.208,21536,11202,63.48333333333333,,,,77.3445
117,경상남도,2006,1.254,19258,11611,60.81666666666666,,,,76.10825
118,제주특별자치도,2006,1.372,15659,11125,69.09166666666667,,,,76.5025
119,전국,2007,1.259,22399,12636,60.14166666666667,,,,78.0095
120,서울특별시,2007,1.068,30371,15023,60.800000000000004,,,,77.25183333333334
121,부산광역시,2007,1.024,17592,11855,56.1,,,,76.9055
122,대구광역시,2007,1.137,15885,11503,57.31666666666667,,,,77.26433333333334
123,인천광역시,2007,1.257,19729,11151,59.96666666666667,,,,78.10016666666667
124,광주광역시,2007,1.262,17373,12137,56.675000000000004,,,,78.85525
125,대전광역시,2007,1.274,17867,12339,56.70833333333332,,,,79.64091666666667
126,울산광역시,2007,1.403,38917,15502,59.625,,,,79.06400000000001
127,세종특별자치시,2007,,-,-,,,,,
128,경기도,2007,1.361,21415,12740,60.49166666666667,,,,78.00366666666666
129,충청북도,2007,1.398,18391,11247,58.61666666666667,,,,78.74766666666666
130,충청남도,2007,1.506,22905,11365,64.55,,,,79.21966666666667
131,전북특별자치도,2007,1.38,16168,11387,58.67499999999999,,,,78.25325
132,전라남도,2007,1.542,21970,11424,63.99166666666667,,,,77.94691666666667
133,경상북도,2007,1.369,22157,11391,62.92499999999999,,,,79.24075
134,경상남도,2007,1.434,20968,11967,61.05833333333333,,,,77.89866666666667
135,제주특별자치도,2007,1.489,16350,11544,68.20833333333333,,,,78.13483333333333
136,전국,2008,1.192,23643,13425,59.78333333333334,,,,81.65558333333333
137,서울특별시,2008,1.01,31939,15783,60.06666666666666,,,,80.46633333333334
138,부산광역시,2008,0.98,18716,12699,55.30833333333333,,,,80.54716666666667
139,대구광역시,2008,1.072,16826,12279,56.458333333333336,,,,80.97916666666667
140,인천광역시,2008,1.186,20358,11843,59.275,,,,81.94533333333332
141,광주광역시,2008,1.198,17884,12902,56.39166666666667,,,,82.59458333333333
142,대전광역시,2008,1.215,18467,13070,57.175000000000004,,,,83.39308333333334
143,울산광역시,2008,1.338,41758,16438,60.26666666666667,,,,83.18
144,세종특별자치시,2008,,-,-,,,,,
145,경기도,2008,1.285,22099,13581,60.53333333333334,,,,81.76716666666667
146,충청북도,2008,1.319,19290,11983,59.06666666666666,,,,82.78858333333334
147,충청남도,2008,1.444,24028,12006,62.08333333333332,,,,83.11975
148,전북특별자치도,2008,1.305,17346,12060,58.433333333333344,,,,82.09016666666666
149,전라남도,2008,1.449,22745,12013,63.75,,,,81.67266666666667
150,경상북도,2008,1.313,25656,12156,62.65,,,,83.43666666666667
151,경상남도,2008,1.368,23121,12970,61.40833333333334,,,,81.87775
152,제주특별자치도,2008,1.386,17358,12411,67.95833333333333,,,,82.131
153,전국,2009,1.149,24455,13811,58.775,,,24.2,83.90641666666666
154,서울특별시,2009,0.962,32874,16080,58.474999999999994,,,33.1,82.83816666666667
155,부산광역시,2009,0.94,18996,12993,54.20833333333332,,,20.3,82.99558333333333
156,대구광역시,2009,1.029,17368,12851,56.35833333333333,,,25.1,82.88525
157,인천광역시,2009,1.143,20897,12334,59.208333333333336,,,22.1,84.13175
158,광주광역시,2009,1.137,18511,13298,56.399999999999984,,,20.9,84.68058333333333
159,대전광역시,2009,1.156,19901,13701,56.68333333333333,,,23.4,85.28808333333333
160,울산광역시,2009,1.308,41432,16950,58.758333333333326,,,23.4,85.11283333333334
161,세종특별자치시,2009,,-,-,,,,,
162,경기도,2009,1.226,22937,13760,59.150000000000006,,,26.9,84.13766666666668
163,충청북도,2009,1.317,20826,12615,59.10833333333333,,,17.3,84.80633333333334
164,충청남도,2009,1.408,26683,12660,60.23333333333333,,,18.7,85.387
165,전북특별자치도,2009,1.279,18578,12649,57.85,,,15.7,84.482
166,전라남도,2009,1.445,24109,12643,64.05833333333334,,,16.3,83.9515
167,경상북도,2009,1.274,25287,12657,62.0,,,19.7,85.4085
168,경상남도,2009,1.323,23429,13316,60.125,,,21.3,84.27141666666667
169,제주특별자치도,2009,1.378,18437,12809,67.11666666666666,,,18.1,83.61958333333334
170,전국,2010,1.226,26828,14558,58.849999999999994,,,24.0,86.37266666666666
171,서울특별시,2010,1.015,36359,17277,59.23333333333333,,,32.1,85.16158333333334
172,부산광역시,2010,1.045,19724,13605,54.30833333333333,,,20.8,85.54991666666666
173,대구광역시,2010,1.109,18499,13446,56.99166666666667,,,25.0,85.22875
174,인천광역시,2010,1.214,22945,13214,59.650000000000006,,,22.0,86.79575
175,광주광역시,2010,1.223,19602,13439,56.925000000000004,,,21.3,87.17341666666668
176,대전광역시,2010,1.205,20855,14373,56.44166666666666,,,23.8,87.89558333333333
177,울산광역시,2010,1.369,48489,17634,59.09166666666665,,,23.1,87.81541666666668
178,세종특별자치시,2010,,-,-,,,,,
179,경기도,2010,1.309,26528,14455,59.208333333333336,,,27.1,86.5455
180,충청북도,2010,1.402,22351,13246,59.46666666666667,,,17.4,87.29950000000001
181,충청남도,2010,1.479,28765,13326,60.224999999999994,,,17.8,87.95383333333332
182,전북특별자치도,2010,1.374,19226,13197,56.96666666666667,,,16.4,87.24983333333334
183,전라남도,2010,1.537,26168,13161,62.291666666666664,,,16.8,86.753
184,경상북도,2010,1.377,26953,13342,62.32500000000001,,,18.7,88.11141666666667
185,경상남도,2010,1.413,24250,13933,59.71666666666667,,,20.4,87.111
186,제주특별자치도,2010,1.463,19613,13259,65.13333333333333,,,18.6,86.44583333333333
187,전국,2011,1.244,28074,15137,59.26666666666667,,,24.0,89.85000000000001
188,서울특별시,2011,1.014,38574,18252,60.04999999999999,,,32.8,88.41191666666667
189,부산광역시,2011,1.078,21394,14396,54.50000000000001,,,20.7,89.36325
190,대구광역시,2011,1.146,19985,13969,56.81666666666667,,,24.4,88.76566666666668
191,인천광역시,2011,1.232,23937,13600,60.65833333333333,,,21.4,89.76133333333333
192,광주광역시,2011,1.234,20544,13815,56.616666666666674,,,21.6,90.72583333333334
193,대전광역시,2011,1.261,22288,14992,56.85833333333333,,,23.4,91.83666666666666
194,울산광역시,2011,1.393,49677,18594,59.79166666666668,,,22.9,91.313
195,세종특별자치시,2011,,-,-,,,,,
196,경기도,2011,1.314,26697,15041,59.341666666666676,,,26.9,89.87049999999999
197,충청북도,2011,1.428,23504,13422,59.524999999999984,,,17.4,91.1475
198,충청남도,2011,1.496,30628,13376,60.94166666666667,,,17.9,91.56058333333334
199,전북특별자치도,2011,1.405,20200,13653,57.541666666666664,,,15.5,91.06608333333334
200,전라남도,2011,1.568,26437,13374,62.25833333333333,,,16.7,90.63491666666665
201,경상북도,2011,1.434,29076,13631,61.86666666666667,,,19.0,91.86333333333333
202,경상남도,2011,1.446,25747,14423,60.74166666666667,,,20.2,90.77749999999999
203,제주특별자치도,2011,1.487,22372,13888,66.02499999999999,,,19.8,90.15608333333334
204,전국,2012,1.297,29093,15711,59.60833333333333,,,23.6,91.81508333333333
205,서울특별시,2012,1.059,39215,18795,59.90833333333333,,,31.2,90.60541666666667
206,부산광역시,2012,1.135,22742,15098,55.88333333333333,,,23.0,91.50241666666666
207,대구광역시,2012,1.217,21093,14554,58.37499999999999,,,24.8,90.93883333333333
208,인천광역시,2012,1.301,24491,14181,61.56666666666667,,,20.3,91.54166666666667
209,광주광역시,2012,1.295,21798,14662,56.38333333333333,,,23.1,92.34741666666667
210,대전광역시,2012,1.315,23540,15537,57.25833333333333,,,24.3,93.66866666666665
211,울산광역시,2012,1.481,49348,18941,59.75833333333333,,,22.4,93.27216666666668
212,세종특별자치시,2012,1.597,-,-,,,,,
213,경기도,2012,1.355,28906,15647,59.79999999999999,,,24.9,91.76866666666666
214,충청북도,2012,1.485,24875,14111,58.85,,,17.7,92.93783333333333
215,충청남도,2012,1.571,31057,13948,61.475,,,17.7,93.75316666666667
216,전북특별자치도,2012,1.44,21037,13915,57.54999999999999,,,17.9,93.051
217,전라남도,2012,1.642,27208,13982,63.20000000000001,,,17.2,92.43408333333333
218,경상북도,2012,1.489,27871,14283,62.208333333333336,,,19.5,93.71308333333333
219,경상남도,2012,1.503,26321,14931,60.18333333333334,,,21.2,92.52
220,제주특별자치도,2012,1.598,23138,14383,66.675,,,20.3,91.25691666666667
221,전국,2013,1.187,30038,16432,59.80833333333334,,,23.9,93.00991666666665
222,서울특별시,2013,0.968,39570,19525,59.89166666666667,,,32.8,91.86874999999999
223,부산광역시,2013,1.049,23500,15651,56.14166666666667,,,22.9,92.85208333333333
224,대구광역시,2013,1.127,21992,15320,57.925000000000004,,,24.2,92.44175
225,인천광역시,2013,1.195,25483,14829,61.275,,,20.8,92.53341666666667
226,광주광역시,2013,1.17,22992,15454,57.18333333333333,,,23.9,93.54033333333332
227,대전광역시,2013,1.234,23858,16253,57.48333333333333,,,25.9,94.59233333333333
228,울산광역시,2013,1.391,48678,19782,59.041666666666664,,,22.4,94.6875
229,세종특별자치시,2013,1.435,38657,17607,,,,,
230,경기도,2013,1.226,30631,16399,60.23333333333334,,,25.3,92.8895
231,충청북도,2013,1.365,26094,14707,59.949999999999996,,,18.8,94.10383333333334
232,충청남도,2013,1.442,32911,14892,62.64166666666667,,,17.4,94.86683333333333
233,전북특별자치도,2013,1.32,21691,14628,58.57500000000001,,,17.5,94.17333333333333
234,전라남도,2013,1.518,27940,14575,62.625,,,16.8,93.68741666666666
235,경상북도,2013,1.379,29128,15052,62.074999999999996,,,18.7,94.79758333333332
236,경상남도,2013,1.367,26455,15646,60.35,,,20.8,93.72250000000001
237,제주특별자치도,2013,1.427,24020,14829,66.425,,,19.6,92.51908333333334
238,전국,2014,1.205,31010,17006,60.50833333333335,3957.0,2164.0,24.2,94.19558333333333
239,서울특별시,2014,0.983,40577,19832,60.475,732.0,358.0,33.5,93.3
240,부산광역시,2014,1.09,24980,16147,56.741666666666674,261.0,117.0,22.7,94.01866666666666
241,대구광역시,2014,1.169,23391,16031,58.699999999999996,205.0,113.0,24.2,93.7685
242,인천광역시,2014,1.212,26978,15507,61.291666666666664,243.0,122.0,21.1,93.83191666666666
243,광주광역시,2014,1.199,24674,16225,58.824999999999996,112.0,68.0,23.1,95.04083333333334
244,대전광역시,2014,1.25,25308,16946,59.13333333333333,127.0,81.0,25.7,95.45908333333334
245,울산광역시,2014,1.437,46025,20142,58.26666666666667,131.0,87.0,22.2,95.81208333333335
246,세종특별자치시,2014,1.354,49688,22944,,,,18.6,
247,경기도,2014,1.241,30892,16969,61.60833333333334,1055.0,627.0,26.0,94.03758333333333
248,충청북도,2014,1.363,27125,15558,61.98333333333334,110.0,67.0,18.8,95.22033333333333
249,충청남도,2014,1.421,32836,15509,62.36666666666667,163.0,106.0,18.1,95.30883333333333
250,전북특별자치도,2014,1.329,22951,15548,58.28333333333333,135.0,62.0,18.3,95.23325
251,전라남도,2014,1.497,28657,15039,62.158333333333324,115.0,63.0,16.4,94.62666666666667
252,경상북도,2014,1.408,30917,15738,63.20833333333332,187.0,101.0,19.1,95.758
253,경상남도,2014,1.409,28703,16272,60.19166666666666,243.0,123.0,20.3,94.99666666666667
254,제주특별자치도,2014,1.481,25400,15329,67.25000000000001,31.0,16.0,19.9,93.54975
255,전국,2015,1.239,32658,18063,60.54166666666668,3863.0,2073.0,24.4,94.86091666666665
256,서울특별시,2015,1.001,41857,20857,59.975,745.0,369.0,33.8,94.47025000000001
257,부산광역시,2015,1.139,25773,17044,56.28333333333334,255.0,117.0,23.4,94.807
258,대구광역시,2015,1.216,24660,17226,59.45833333333334,175.0,100.0,24.4,94.46433333333334
259,인천광역시,2015,1.216,28034,16598,61.13333333333333,240.0,121.0,21.3,94.76041666666667
260,광주광역시,2015,1.207,25687,17459,58.5,119.0,64.0,22.8,95.30608333333333
261,대전광역시,2015,1.277,27125,18229,59.63333333333333,120.0,67.0,25.4,95.64783333333332
262,울산광역시,2015,1.486,49381,21348,59.03333333333333,126.0,78.0,21.9,96.25083333333333
263,세종특별자치시,2015,1.893,44463,21957,,,,19.6,
264,경기도,2015,1.272,33028,18069,61.67500000000001,1017.0,589.0,26.5,94.73375
265,충청북도,2015,1.414,28839,16531,62.375,104.0,57.0,19.0,95.07341666666667
266,충청남도,2015,1.48,35458,16703,62.25,161.0,96.0,18.0,95.51474999999999
267,전북특별자치도,2015,1.352,24176,16239,59.15833333333334,123.0,60.0,18.6,95.20475
268,전라남도,2015,1.549,32733,16067,62.81666666666666,109.0,56.0,16.5,94.59474999999999
269,경상북도,2015,1.464,32427,16550,62.35833333333333,186.0,101.0,19.0,95.79533333333332
270,경상남도,2015,1.437,29523,17411,60.57500000000001,252.0,134.0,20.4,95.521
271,제주특별자치도,2015,1.477,27314,16685,68.53333333333335,35.0,16.0,20.1,94.14883333333334
272,전국,2016,1.172,34167,18520,60.558333333333344,3727.0,1924.0,25.6,95.78266666666667
273,서울특별시,2016,0.94,44113,21295,59.96666666666667,716.0,348.0,35.2,95.58491666666667
274,부산광역시,2016,1.095,26886,17525,56.175000000000004,242.0,115.0,25.6,95.92875
275,대구광역시,2016,1.186,25553,17848,59.31666666666667,170.0,85.0,26.5,95.41216666666666
276,인천광역시,2016,1.144,29680,17222,61.78333333333333,228.0,114.0,23.2,95.57141666666666
277,광주광역시,2016,1.168,27371,18232,58.050000000000004,112.0,57.0,22.8,96.17991666666667
278,대전광역시,2016,1.192,28125,18741,59.725,111.0,62.0,25.7,96.29683333333332
279,울산광역시,2016,1.418,52204,21422,58.974999999999994,121.0,66.0,23.9,97.20466666666665
280,세종특별자치시,2016,1.821,41017,21000,,,,23.7,
281,경기도,2016,1.194,34591,18611,61.65,966.0,529.0,27.9,95.62416666666667
282,충청북도,2016,1.358,30531,16915,61.975,106.0,58.0,19.7,95.61325
283,충청남도,2016,1.395,37555,16952,61.69999999999999,174.0,98.0,17.7,96.17133333333334
284,전북특별자치도,2016,1.251,24694,16499,59.94166666666666,112.0,48.0,19.4,95.71808333333333
285,전라남도,2016,1.466,33789,16528,62.66666666666668,107.0,58.0,16.2,95.4855
286,경상북도,2016,1.396,33689,16894,62.4,176.0,92.0,19.3,96.45224999999999
287,경상남도,2016,1.358,30368,17744,60.59166666666666,262.0,135.0,20.9,96.40508333333332
288,제주특별자치도,2016,1.432,29344,17366,69.24166666666666,31.0,16.0,22.6,95.36633333333333
289,전국,2017,1.052,35977,19204,60.84166666666666,3574.0,1831.0,27.2,97.645
290,서울특별시,2017,0.836,46715,22237,60.21666666666667,676.0,348.0,39.1,97.49408333333334
291,부산광역시,2017,0.976,27592,18189,56.31666666666666,232.0,103.0,27.6,97.63925
292,대구광역시,2017,1.067,26561,18350,58.79166666666668,155.0,84.0,30.0,97.35808333333334
293,인천광역시,2017,1.007,30990,17884,61.66666666666668,227.0,103.0,25.1,97.38308333333333
294,광주광역시,2017,1.053,28759,18926,59.041666666666664,99.0,53.0,24.5,98.19141666666667
295,대전광역시,2017,1.075,30102,19314,58.91666666666666,110.0,61.0,27.6,97.89416666666666
296,울산광역시,2017,1.261,52237,21956,59.75,111.0,62.0,23.6,99.00625000000001
297,세종특별자치시,2017,1.668,40876,21404,61.208333333333336,22.0,14.0,26.2,
298,경기도,2017,1.069,37588,19375,62.13333333333333,962.0,511.0,28.7,97.545
299,충청북도,2017,1.235,31951,17465,62.574999999999996,93.0,50.0,19.0,97.5235
300,충청남도,2017,1.276,39338,17788,62.28333333333333,151.0,78.0,18.8,98.03558333333332
301,전북특별자치도,2017,1.151,25710,17059,58.60833333333333,112.0,49.0,20.3,97.492
302,전라남도,2017,1.325,34542,17043,62.1,111.0,56.0,15.8,97.50824999999999
303,경상북도,2017,1.256,33828,17428,62.45833333333332,164.0,86.0,20.6,98.23975
304,경상남도,2017,1.227,31033,18011,60.883333333333326,238.0,124.0,22.1,97.95183333333334
305,제주특별자치도,2017,1.305,30863,17816,70.90000000000002,25.0,10.0,22.4,97.55283333333334
306,전국,2018,0.977,37014,19910,60.71666666666667,3457.0,1847.0,29.1,99.08608333333332
307,서울특별시,2018,0.761,48362,23323,59.62499999999999,629.0,324.0,41.1,98.79941666666667
308,부산광역시,2018,0.899,28287,18868,55.70000000000001,232.0,114.0,27.6,99.34341666666667
309,대구광역시,2018,0.987,27004,18555,58.21666666666666,159.0,90.0,30.3,99.04666666666667
310,인천광역시,2018,1.006,31363,18659,62.89166666666667,202.0,101.0,27.7,98.95983333333334
311,광주광역시,2018,0.972,29759,19868,59.400000000000006,103.0,55.0,26.2,99.34466666666667
312,대전광역시,2018,0.952,30529,19649,58.69166666666666,99.0,54.0,27.0,99.41158333333334
313,울산광역시,2018,1.131,52694,21655,59.024999999999984,101.0,55.0,26.5,100.02550000000001
314,세종특별자치시,2018,1.566,37243,20990,61.775,25.0,16.0,28.8,
315,경기도,2018,1.002,39150,19907,61.96666666666666,959.0,544.0,32.1,98.99433333333333
316,충청북도,2018,1.172,33672,18440,63.28333333333334,97.0,57.0,24.4,99.122
317,충청남도,2018,1.186,39935,18458,63.541666666666664,134.0,75.0,18.7,99.43658333333333
318,전북특별자치도,2018,1.044,26783,18141,58.29999999999999,107.0,48.0,20.9,99.15825
319,전라남도,2018,1.24,35159,18207,62.425000000000004,104.0,54.0,19.0,98.97058333333332
320,경상북도,2018,1.167,34530,18185,61.59166666666667,156.0,84.0,21.4,99.70308333333332
321,경상남도,2018,1.122,30987,18466,61.38333333333333,234.0,118.0,22.6,99.30358333333334
322,제주특별자치도,2018,1.22,31193,18456,68.43333333333332,30.0,13.0,23.2,99.25158333333333
323,전국,2019,0.918,37596,20661,60.958333333333336,3366.0,1699.0,32.1,99.46558333333333
324,서울특별시,2019,0.717,48693,23978,60.00833333333333,612.0,298.0,45.1,99.38183333333335
325,부산광역시,2019,0.827,29259,19723,56.599999999999994,211.0,98.0,31.6,99.82383333333333
326,대구광역시,2019,0.932,27700,19196,57.94166666666666,165.0,88.0,32.9,99.7095
327,인천광역시,2019,0.94,32873,19582,62.508333333333326,193.0,98.0,31.3,99.22224999999999
328,광주광역시,2019,0.913,31186,20791,59.26666666666668,100.0,54.0,27.6,99.56408333333333
329,대전광역시,2019,0.883,31566,20648,59.791666666666664,98.0,49.0,31.1,99.622
330,울산광역시,2019,1.084,54190,22617,59.116666666666674,94.0,47.0,27.4,99.70483333333334
331,세종특별자치시,2019,1.472,38186,20674,62.53333333333333,26.0,17.0,34.1,
332,경기도,2019,0.943,38929,20746,61.875,977.0,519.0,35.8,99.39608333333332
333,충청북도,2019,1.05,34889,18989,62.875,89.0,46.0,24.3,99.48649999999999
334,충청남도,2019,1.112,41089,19216,63.650000000000006,134.0,69.0,23.7,99.34341666666667
335,전북특별자치도,2019,0.971,28302,18941,59.34166666666666,96.0,39.0,23.9,99.46683333333334
336,전라남도,2019,1.234,35673,19072,63.41666666666668,95.0,52.0,18.1,99.30008333333335
337,경상북도,2019,1.089,35038,18748,61.67499999999999,151.0,74.0,22.5,99.87466666666667
338,경상남도,2019,1.046,32035,19078,61.275,215.0,96.0,24.8,99.38466666666666
339,제주특별자치도,2019,1.145,30710,18815,68.39999999999999,31.0,13.0,25.8,99.57416666666667
340,전국,2020,0.837,37842,21342,60.074999999999996,3420.0,1506.0,30.2,100.0
341,서울특별시,2020,0.642,49006,24226,59.31666666666666,573.0,231.0,45.3,99.99916666666667
342,부산광역시,2020,0.747,29643,20460,55.60833333333334,202.0,90.0,28.3,99.99916666666667
343,대구광역시,2020,0.807,27934,20229,56.65,183.0,90.0,29.0,100.00083333333333
344,인천광역시,2020,0.829,32724,20310,61.30833333333333,201.0,89.0,30.1,100.0
345,광주광역시,2020,0.811,31674,21591,58.666666666666664,100.0,49.0,29.9,100.00083333333333
346,대전광역시,2020,0.805,32080,21707,60.650000000000006,93.0,40.0,30.2,100.0
347,울산광역시,2020,0.984,53908,23863,58.09166666666667,101.0,43.0,25.4,99.99833333333333
348,세종특별자치시,2020,1.277,37869,21407,62.66666666666666,28.0,15.0,30.7,99.99833333333333
349,경기도,2020,0.878,38819,21220,60.300000000000004,1014.0,446.0,31.6,99.99833333333333
350,충청북도,2020,0.983,35403,20029,63.18333333333334,96.0,48.0,22.5,99.99916666666667
351,충청남도,2020,1.029,42073,20393,62.40833333333334,132.0,64.0,19.5,100.0
352,전북특별자치도,2020,0.909,29515,19991,59.933333333333344,101.0,41.0,22.6,100.0
353,전라남도,2020,1.145,38605,19873,63.866666666666674,93.0,44.0,19.1,99.99916666666667
354,경상북도,2020,1.003,35471,19798,61.13333333333333,160.0,71.0,20.7,100.0
355,경상남도,2020,0.945,31550,19759,60.583333333333336,223.0,93.0,24.1,99.99916666666667
356,제주특별자치도,2020,1.021,30030,19954,67.14166666666668,34.0,14.0,27.3,100.0
357,전국,2021,0.808,40723,22059,60.48333333333333,3240.0,1448.0,36.7,102.49833333333333
358,서울특별시,2021,0.626,54571,24950,59.241666666666674,565.0,239.0,52.9,102.09666666666668
359,부산광역시,2021,0.728,31414,21035,56.19166666666667,184.0,78.0,36.9,102.46166666666666
360,대구광역시,2021,0.785,29552,20886,58.25,153.0,77.0,40.0,102.64083333333333
361,인천광역시,2021,0.778,35499,21170,61.32499999999999,185.0,75.0,34.4,102.61916666666667
362,광주광역시,2021,0.896,33182,22209,58.17499999999999,99.0,45.0,32.0,102.56583333333333
363,대전광역시,2021,0.81,34013,22565,60.900000000000006,90.0,40.0,36.4,102.49833333333333
364,울산광역시,2021,0.94,57613,24897,57.69166666666666,89.0,37.0,30.0,102.49083333333334
365,세종특별자치시,2021,1.277,40231,22162,62.63333333333333,30.0,16.0,36.9,102.71333333333332
366,경기도,2021,0.853,41477,21869,61.116666666666674,968.0,455.0,39.3,102.5675
367,충청북도,2021,0.949,38323,21019,63.34166666666667,88.0,46.0,28.4,102.69416666666666
368,충청남도,2021,0.963,45399,21169,63.03333333333333,136.0,66.0,26.0,102.765
369,전북특별자치도,2021,0.85,31803,20745,61.24166666666667,91.0,34.0,27.4,102.58999999999999
370,전라남도,2021,1.017,37741,20779,64.61666666666667,84.0,38.0,23.3,102.6175
371,경상북도,2021,0.966,38071,20522,61.00833333333333,167.0,70.0,27.9,102.73833333333333
372,경상남도,2021,0.903,33363,20535,60.666666666666664,209.0,85.0,27.6,102.53416666666668
373,제주특별자치도,2021,0.951,32580,20360,67.40833333333333,27.0,14.0,29.6,102.62666666666667
